{
	"format_version": "1.8.0",
	"animations": {
		"animation.player.stab": {
			"animation_length": 1.3,
			"bones": {
				"rightArm": {
					"rotation": {
						"0.0": [0, 0, 0],
						"0.28": [-60.90525, -64.05309, 60.93891],
						"0.6": [31.08307, -59.27725, 24.88764],
						"0.68": [-101.20626, -51.88553, 55.4239],
						"0.72": [-84.78445, -41.93967, 56.88558],
						"0.92": [-35.06, -55.58, 40.16],
						"1.0": [-35.06, -55.58, 40.16],
						"1.28": [0, 0, 0]
					},
					"position": {
						"0.0": [0, 0, 0],
						"0.28": [0, 0, 0],
						"0.6": [0.75, 0, 2.75],
						"0.68": [0.75, -1, 0.75],
						"0.72": [0.75, 0, 1.75],
						"0.92": [0.75, -0.5, 1.75],
						"1.0": [0.75, -0.5, 1.75],
						"1.28": [0, 0, 0]
					},
					"scale": 1
				},
				"leftArm": {
					"rotation": {
						"0.0": [0, 0, 0],
						"0.28": [-50.71918, 13.99545, 14.43276],
						"0.6": [-68.11151, 16.70734, 14.71581],
						"0.68": [-68.28851, -7.31225, -15.34744],
						"0.72": [-68.19582, 8.96068, -8.88432],
						"0.92": [-40.80097, 1.09698, -16.13911],
						"1.0": [-40.80097, 1.09698, -16.13911],
						"1.28": [0, 0, 0]
					},
					"position": {
						"0.0": [0, 0, 0],
						"0.28": [0, 0, -2.5],
						"0.6": [0, 0, -0.25],
						"0.68": [0, 0, -3.25],
						"0.72": [0, 0, -1.25],
						"0.92": [0, 0, -1.75],
						"1.0": [0, 0, -1.75],
						"1.28": [0, 0, 0]
					}
				},
				"rightLeg": {
					"rotation": {
						"0.0": [0, 0, 0],
						"0.36": [7.5, -37, 0],
						"0.76": [7.5, -37, 0],
						"1.16": [0, 0, 0]
					},
					"position": {
						"0.0": [0, 0, 0],
						"0.36": [0, 0, 0],
						"0.76": [0, 0, 0],
						"1.16": [0, 0, 0]
					}
				},
				"leftLeg": {
					"rotation": {
						"0.0": [0, 0, 0],
						"0.36": [-29.73577, -56.58469, 11.06689],
						"0.76": [-29.73577, -56.58469, 11.06689],
						"1.16": [0, 0, 0]
					},
					"position": {
						"0.0": [0, 0, 0],
						"0.36": [1, -0.5, 0],
						"0.76": [1, -0.5, 0],
						"1.16": [0, 0, 0]
					}
				},
				"root": {
					"rotation": {
						"0.0": [0, 0, 0],
						"0.36": [0, 52, 0],
						"0.76": [0, 52, 0],
						"1.16": [0, 0, 0]
					},
					"position": {
						"0.0": [0, 0, 0],
						"0.36": [-0.75, 0, -3],
						"0.76": [-0.75, 0, -3],
						"1.16": [0, 0, 0]
					}
				},
				"head": {
					"rotation": [0, 0, 0],
					"position": [0, 0, 0]
				},
				"body": {
					"rotation": {
						"0.0": [0, 0, 0],
						"0.36": [-2.5, 0, 5],
						"0.6": [-2.4905, -0.21782, 0.00473],
						"0.68": [-2.71034, -2.27233, 10.10353],
						"0.72": [-2.39065, -2.6042, 2.60065],
						"0.76": [-2.39065, -2.6042, 2.60065],
						"1.16": [0, 0, 0]
					},
					"position": {
						"0.0": [0, 0, 0],
						"0.36": [1.75, -0.5, 0],
						"0.6": [0.25, -0.5, 0.5],
						"0.68": [2.25, -0.5, 0.5],
						"0.72": [0.75, -0.5, 0.5],
						"0.76": [0.75, -0.5, 0.5],
						"1.16": [0, 0, 0]
					}
				},
				"rightItem": {
					"rotation": {
						"0.0": [0, 0, 0],
						"0.28": [0, 20, -22.5],
						"0.6": [-46.56879, -3.12161, -16.42525],
						"0.64": [1.82148, 11.44656, -26.41682],
						"0.68": [48.2116, 40.92303, -12.57744],
						"0.72": [36.2071, 32.43735, -30.17992],
						"0.84": [11.24194, 8.03227, -53.03221],
						"0.92": [7.09851, -8.23779, -68.26707],
						"1.0": [7.09851, -8.23779, -68.26707],
						"1.28": [0, 0, 0]
					},
					"position": {
						"0.0": [0, 0, 0],
						"0.28": [0, 0, 0],
						"0.6": [-1, 0, 0],
						"0.64": [-1, 3, -0.5],
						"0.68": [-1, 0, -1],
						"0.72": [-0.25, 0.5, -1.25],
						"0.92": [-1, -1, -0.5],
						"1.0": [-1, -1, -0.5],
						"1.28": [0, 0, 0]
					}
				}
			}
		}
	}
}