{
	"format_version": "1.8.0",
	"animations": {
		"animation.player.stab_old": {
			"animation_length": 1.36,
			"override_previous_animation": true,
			"bones": {
				"rightArm": {
					"rotation": {
						"0.0": [-17.48436, 0.75155, 2.38443],
						"0.36": [-92.5, -50, 105],
						"0.52": [-92.5, -75, 102.5],
						"0.8": [-55, -75, 115],
						"0.88": [-122.5, -67.5, 75.5],
						"0.92": [-90, -67.5, 80.5],
						"1.36": [-17.48436, 0.75155, 2.38443]
					},
					"position": {
						"0.0": [0, 0, 0],
						"0.36": [-0.5, 0, 0.5],
						"0.52": [-0.75, 0, 0.5],
						"0.8": [-0.25, 0.5, 0.5],
						"0.88": [1, 0, 0.5],
						"0.92": [1, 0, 0.5],
						"1.36": [0, 0, 0]
					},
					"scale": {
						"0.0": [1, 1, 1],
						"0.36": [1, 1, 1],
						"0.52": [1, 1, 1],
						"0.8": [1, 1, 1],
						"0.88": [1, 1, 1],
						"0.92": [1, 1, 1],
						"1.36": [1, 1, 1]
					}
				},
				"leftArm": {
					"rotation": {
						"0.0": [0, 0, 0],
						"0.44": [-50, 0, 0],
						"0.8": [-50, 0, 0],
						"0.88": [-42.86, -22.5, 0],
						"0.92": [-64.5, -20.62, 0],
						"1.36": [0, 0, 0]
					},
					"position": {
						"0.0": [0, 0, 0],
						"0.44": [0, -2, 3],
						"0.52": [0, -2, 3],
						"0.8": [-2, -2, 3],
						"0.88": [-0.75, 0, 4],
						"0.92": [-0.75, 0, 4],
						"1.36": [0, 0, 0]
					}
				},
				"rightLeg": {
					"rotation": {
						"0.0": [0, 0, 0],
						"0.44": [-10, 0, 20],
						"0.8": [-10, 0, 27.5],
						"0.88": [-10, 0, 27.5],
						"0.92": [-10, 0, 27.5],
						"1.36": [0, 0, 0]
					},
					"position": {
						"0.44": [0, 0, 0],
						"0.8": [0, -0.25, 0]
					}
				},
				"leftLeg": {
					"rotation": {
						"0.0": [0, 0, 0],
						"0.44": [15, 0, -10],
						"0.8": [15, 12.5, -10],
						"0.88": [15, -5, -10],
						"0.92": [15, -5, -10],
						"1.36": [0, 0, 0]
					}
				},
				"root": {
					"rotation": {
						"0.0": [0, 0, 0],
						"0.44": [0, 77.5, 0],
						"0.8": [0, 90.63, 0],
						"0.92": [0, 85, 0],
						"1.36": [0, 0, 0]
					}
				},
				"head": {
					"rotation": {
						"0.0": [0, 0, 0],
						"0.52": [-5, -7.5, 0],
						"0.8": [-17.5, -12.5, 0],
						"0.88": [17.5, -12.5, 0],
						"1.36": [0, 0, 0]
					},
					"position": {
						"0.0": [0, 0, 0],
						"0.52": [0, 0, -0.75],
						"0.8": [0, 0.25, 0],
						"0.88": [0, 0, 0.5],
						"0.92": [0, 0, 0.96],
						"1.36": [0, 0, 0]
					}
				},
				"body": {
					"rotation": {
						"0.0": [0, 0, 0],
						"0.52": [0, 10, 0],
						"0.8": [0, 10, -20],
						"0.88": [0, 10, 17.5],
						"0.92": [0, 9.17, 16.04],
						"1.36": [0, 0, 0]
					},
					"position": {
						"0.0": [0, 0, 0],
						"0.52": [0, 0, 0],
						"0.8": [-3, -0.5, 0],
						"0.88": [4, -0.5, 0],
						"0.92": [3, -0.5, 0],
						"1.36": [0, 0, 0]
					}
				},
				"rightItem": {
					"rotation": {
						"0.0": [0, 0, 0],
						"0.36": [0, -2.5, -35],
						"0.52": [-0.87038, 4.92385, -10.03742],
						"0.8": [-32.59907, 4.21541, -2.69136],
						"0.84": [-3.95231, 1.30596, -14.88736],
						"0.88": [39.67601, 3.38986, -27.42173],
						"0.92": [4.39369, -4.8618, -36.57194],
						"1.36": [0, 0, 0]
					},
					"position": {
						"0.0": [0, 0, 0],
						"0.36": [0, 0, 0],
						"0.52": [0, 0, 0],
						"0.8": [0, -1, 1],
						"0.84": [0, -1, 1],
						"0.88": [0, -1, 1],
						"1.36": [0, 0, 0]
					}
				}
			}
		}
	}
}