{
	"format_version": "1.8.0",
	"animations": {
		"animation.scythe_hit_particle": {
			"animation_length": 240,
			"bones": {
				"bb_main": {
					"rotation": {
						"0.0": [0, 0, 0],
						"0.04": [0, -19.39543, 0],
						"0.08": [0, -37.98444, 0],
						"0.12": [0, -55.97102, 0],
						"0.16": [0, -73.47873, 0],
						"0.2": [0, -90.58698, 0],
						"0.24": [0, -107.34681, 0],
						"0.28": [0, -123.79071, 0],
						"0.32": [0, -139.93387, 0],
						"0.36": [0, -155.77314, 0],
						"0.4": [0, -171.27366, 0],
						"0.44": [0, -186.31473, 0],
						"0.48": [0, -199.74, 0],
						"0.52": [0, -213.97103, 0],
						"0.56": [0, -228.31856, 0],
						"0.6": [0, -242.41823, 0],
						"0.64": [0, -256.27482, 0],
						"0.68": [0, -269.89997, 0],
						"0.72": [0, -283.30492, 0],
						"0.76": [0, -296.49922, 0],
						"0.8": [0, -309.49151, 0],
						"0.84": [0, -322.28582, 0],
						"0.88": [0, -334.89155, 0],
						"0.92": [0, -347.30975, 0],
						"0.96": [0, -359.54575, 0],
						"1.0": [0, -371.60421, 0],
						"1.04": [0, -383.48534, 0],
						"1.08": [0, -395.19349, 0],
						"1.12": [0, -406.73324, 0],
						"1.16": [0, -418.10446, 0],
						"1.2": [0, -429.30753, 0],
						"1.24": [0, -440.34788, 0],
						"1.28": [0, -451.22331, 0],
						"1.32": [0, -461.93592, 0],
						"1.36": [0, -472.49073, 0],
						"1.4": [0, -482.88208, 0],
						"1.44": [0, -493.11353, 0],
						"1.48": [0, -503.18797, 0],
						"1.52": [0, -513.10544, 0],
						"1.56": [0, -522.86599, 0],
						"1.6": [0, -532.4697, 0],
						"1.64": [0, -541.91423, 0],
						"1.68": [0, -551.20287, 0],
						"1.72": [0, -560.33587, 0],
						"1.76": [0, -569.31336, 0],
						"1.8": [0, -578.13549, 0],
						"1.84": [0, -586.8024, 0],
						"1.88": [0, -595.31198, 0],
						"1.92": [0, -603.66469, 0],
						"1.96": [0, -611.86164, 0],
						"2.0": [0, -619.90302, 0],
						"2.04": [0, -627.78899, 0],
						"2.08": [0, -635.51974, 0],
						"2.12": [0, -643.09547, 0],
						"2.16": [0, -650.51121, 0],
						"2.2": [0, -657.76664, 0],
						"2.24": [0, -664.86652, 0],
						"2.28": [0, -671.81105, 0],
						"2.32": [0, -678.59791, 0],
						"2.36": [0, -685.21789, 0],
						"2.4": [0, -691.68196, 0],
						"2.44": [0, -697.99033, 0],
						"2.48": [0, -704.13231, 0],
						"2.52": [0, -710.11161, 0],
						"2.56": [0, -715.93458, 0],
						"2.6": [0, -721.5916, 0],
						"2.64": [0, -727.08155, 0],
						"2.68": [0, -732.4145, 0],
						"2.72": [0, -737.57657, 0],
						"2.76": [0, -742.57233, 0],
						"2.8": [0, -747.41032, 0],
						"2.84": [0, -752.06696, 0],
						"2.88": [0, -756.56332, 0],
						"2.92": [0, -760.89018, 0],
						"2.96": [0, -765.04129, 0],
						"3.0": [0, -769.03272, 0],
						"3.04": [0, -772.83552, 0],
						"3.08": [0, -776.47676, 0],
						"3.12": [0, -779.93699, 0],
						"3.16": [0, -783.22405, 0],
						"3.2": [0, -786.33633, 0],
						"3.24": [0, -789.26502, 0],
						"3.28": [0, -792.02381, 0],
						"3.32": [0, -794.58977, 0],
						"3.36": [0, -796.9893, 0],
						"3.4": [0, -799.18797, 0],
						"3.44": [0, -801.22041, 0],
						"3.48": [0, -803.04888, 0],
						"3.52": [0, -804.70766, 0],
						"3.56": [0, -806.16135, 0],
						"3.6": [0, -807.44137, 0],
						"3.64": [0, -808.51373, 0],
						"3.68": [0, -809.40967, 0],
						"3.72": [0, -810.09391, 0],
						"3.76": [0, -810.60018, 0],
						"3.8": [0, -810.88925, 0],
						"3.84": [0, -811, 0]
					}
				},
				"locator2": {
					"relative_to": {
						"rotation": "entity"
					},
					"rotation": [17.53028, 0, 0],
					"position": [0, -5, 1]
				}
			},
			"particle_effects": {
				"0.0": {
					"effect": "scythe_particle1",
					"locator": "particle_locator"
				},
				"0.4": {
					"effect": "scythe_particle2",
					"locator": "particle_locator2"
				}
			}
		}
	}
}