{
	"format_version": "1.8.0",
	"animations": {
		"animation.battleaxe_attack1": {
			"animation_length": 2.9,
			"override_previous_animation": true,
			"bones": {
				"body": {
					"rotation": {
						"0.0": [0, 0, 0],
						"0.25": [7.5, 7.5, 0],
						"0.4167": [7.5, 10, 0],
						"0.8333": [7.5, -20, 0],
						"1.0417": [-10, -42.5, 0],
						"1.5417": [-15, -80, 5],
						"1.6667": [-15, -85, 7.5],
						"1.7917": [-15, -47.5, 7.5],
						"1.9167": [15, 35, 7.5],
						"1.9583": [15, 40, 7.5],
						"2.0417": [15, 47.5, 7.5],
						"2.5833": [15, 47.5, 7.5],
						"2.7083": [-12.5, 0, 0],
						"2.7917": [0, 0, 0],
						"2.8333": [0, 0, 0],
						"2.875": [0, 0, 0]
					},
					"position": {
						"0.0": [0, 0, 0],
						"0.25": [0, 0, -1.4],
						"0.4167": [0, 0, -1.4],
						"0.8333": [0, 0, -0.5],
						"1.0417": [-1, 0, 1.25],
						"1.5417": [-2, 0, 0.85],
						"1.6667": [-1.5, 0, 0.85],
						"1.7917": [-0.25, 0, 1.85],
						"1.875": [1.75, 0, -0.65],
						"1.9167": [-0.25, 0, -3.15],
						"1.9583": [-0.25, 0, -3.15],
						"2.0417": [-0.25, 0, -3.15],
						"2.5833": [-0.25, 0, -3.15],
						"2.7083": [0, 3, 2],
						"2.7917": [0, 0, 0],
						"2.8333": [0, -0.5, 0],
						"2.875": [0, 0, 0]
					}
				},
				"rightArm": {
					"rotation": {
						"0.0": [-17.48436, 0.75155, 2.38443],
						"0.3333": [0, -22.5, 0],
						"0.4167": [2.5, -22.5, 0],
						"0.8333": [-35, -52.5, -5],
						"1.0417": [-35, -55, -5],
						"1.5417": [-55, -97.5, -67.5],
						"1.6667": [-55, -57.5, -82.5],
						"1.7917": [-55, -40, -75],
						"1.875": [-57.09584, 34.41712, -46.3869],
						"1.9167": [-60, 85, -35],
						"1.9583": [-60, 112.5, -35],
						"2.5833": [-60, 112.5, -35],
						"2.7083": [-27.5, 0, 7.5],
						"2.8333": [-27.5, 0, 7.5],
						"2.9167": [-17.4844, 0.7515, 2.3844],
						"2.9583": [-17.4844, 0.7515, 2.3844],
						"3.0": [-17.4844, 0.7515, 2.3844]
					},
					"position": {
						"0.0": [0, 0, 0],
						"0.3333": [1.3, -0.4, -0.7],
						"0.4167": [1.3, -0.4, -0.7],
						"0.8333": [1.3, -0.4, 0.4],
						"1.0417": [2.3, -0.4, 0.4],
						"1.5417": [2.3, -0.4, -0.6],
						"1.6667": [2.3, -0.4, -0.6],
						"1.7917": [1.8, 0.85, -1.6],
						"1.875": [1.47, 1.85, -0.77],
						"1.9167": [1.3, 0.85, -1.85],
						"1.9583": [1.3, 0.85, -1.85],
						"2.5833": [1.3, 0.85, -1.85],
						"2.7083": [0, 2, 0],
						"2.8333": [0, 2, 0],
						"2.9167": [0, 0, 0],
						"2.9583": [0, -0.5, 0],
						"3.0": [0, 0, 0]
					}
				},
				"leftArm": {
					"rotation": {
						"0.0": [0, 0, 0],
						"0.3333": [-47.5, 60, 15],
						"0.4167": [-47.5, 60, 10],
						"0.8333": [-27.5, -17.5, 22.5],
						"1.0417": [-32.5, -12.5, 22.5],
						"1.5417": [-46.42183, -65.72982, -83.18818],
						"1.6667": [-54.87, -33.28, -103.29],
						"1.7917": [-87.37, -35.78, -103.29],
						"1.875": [-145.48873, 13.92245, -113.41382],
						"1.9167": [74.73, -272.73, -229.78],
						"1.9583": [82.23, -292.73, -229.78],
						"2.5833": [82.23, -292.73, -229.78],
						"2.7083": [-7.5, 0, -10],
						"2.8333": [-7.5, 0, -10],
						"2.9167": [0, 0, 0],
						"2.9583": [0, 0, 0],
						"3.0": [0, 0, 0]
					},
					"position": {
						"0.0": [0, 0, 0],
						"0.3333": [-2, 0, -1.5],
						"0.4167": [-2.5, 0, -1.5],
						"0.8333": [-1.8, 0.05, -0.15],
						"1.0417": [-1.3, 0.3, 0.85],
						"1.2083": [-3.8, -2.45, -1.65],
						"1.5417": [-5.8, -2.2, 1.6],
						"1.6667": [-4.55, -2.7, 1.6],
						"1.7917": [-1.3, -2.7, 0.35],
						"1.875": [-0.05, -1.45, -1.15],
						"1.9583": [-3.8, -0.45, -1.65],
						"2.5833": [-3.8, -0.45, -1.65],
						"2.7083": [0, 2, 0],
						"2.8333": [0, 2, 0],
						"2.9167": [0, 0, 0],
						"2.9583": [0, -0.5, 0],
						"3.0": [0, 0, 0]
					}
				},
				"rightItem": {
					"rotation": {
						"0.0": [0, 0, 0],
						"0.3333": [0, 20, 35],
						"0.4167": [0, 20, 35],
						"0.5833": [28.16483, 6.57221, 32.73418],
						"0.8333": [72.76853, -68.61999, -0.51456],
						"1.0417": [72.76853, -68.61999, -0.51456],
						"1.5417": [174.68243, -53.43833, -133.41036],
						"1.6667": [185.76316, -25.24589, -181.55499],
						"1.7917": [169.80599, -36.60525, -160.03938],
						"1.8333": [228.74911, -38.3098, -208.86518],
						"1.875": [240.45745, -28.33227, -227.01681],
						"1.9167": [252.22367, -36.46998, -248.73332],
						"2.125": [252.22367, -36.46998, -248.73332],
						"2.5833": [252.22367, -36.46998, -248.73332],
						"2.7083": [0, 0, 0]
					},
					"position": {
						"0.0": [0, 0, 0],
						"0.3333": [0, 0, -1],
						"0.4167": [0, 0, -1],
						"0.5833": [0, 0, -1],
						"0.8333": [0, -2, -1],
						"1.0417": [0, -2, -1],
						"1.5417": [0, -2, -1],
						"1.7917": [0, -2, -1],
						"1.8333": [0, -2, -1],
						"2.125": [0, -2, -1],
						"2.5833": [0, -2, -1],
						"2.7083": [0, 0, 0]
					}
				},
				"waist": {
					"rotation": {
						"1.7917": [0, 0, 0],
						"1.9167": [0, 57.19, 0],
						"1.9583": [0, 74.69, 0],
						"2.125": [0, 74.69, 0],
						"2.5833": [0, 74.69, 0],
						"2.8333": [0, 0, 0]
					},
					"position": {
						"0.0": [0, 0, 0],
						"1.7917": [0, 0, 0],
						"1.9167": [0, 0, 0],
						"1.9583": [0, 0, 0],
						"2.125": [0, 0, 0],
						"2.5833": [0, 0, 0],
						"2.8333": [0, 0, 0]
					}
				}
			}
		}
	}
}