{
	"format_version": "1.8.0",
	"animations": {
		"animation.battleaxe_attack2": {
			"animation_length": 3,
			"bones": {
				"rightLeg": {
					"rotation": {
						"0.0": [0, 0, 0],
						"2.5833": [0, 0, 0],
						"2.7083": [-5, 0, 7.5],
						"2.7917": [-5, 0, 7.5],
						"2.875": [0, 0, 0]
					},
					"position": {
						"0.0": [0, 0, 0],
						"2.5833": [0, 0, 0],
						"2.7083": [0, 1, 0],
						"2.7917": [0, 1, 0],
						"2.875": [0, 0, 0]
					}
				},
				"leftLeg": {
					"rotation": {
						"0.0": [0, 0, 0],
						"2.5833": [0, 0, 0],
						"2.7083": [-5, 0, -15],
						"2.7917": [-5, 0, -15],
						"2.875": [0, 0, 0]
					},
					"position": {
						"0.0": [0, 0, 0],
						"2.5833": [0, 0, 0],
						"2.7083": [0, 1, 0],
						"2.7917": [0, 1, 0],
						"2.875": [0, 0, 0]
					}
				},
				"head": {
					"rotation": {
						"0.0": [0, 0, 0],
						"1.75": [0, 0, 0],
						"1.7917": [42.5, 35, 20],
						"2.125": [15.45011, 349.287, 5.65598],
						"2.375": [16.95957, 419.0382, 12.73723],
						"2.5417": [16.95957, 419.0382, 12.73723],
						"2.5833": [42.5, 35, 20],
						"2.7083": [-5, 0, 5],
						"2.7917": [-5, 0, 5],
						"2.875": [0, 0, 0],
						"2.9167": [0, 0, 0],
						"2.9583": [0, 0, 0]
					},
					"position": {
						"0.0": [0, 0, 0],
						"1.75": [0, 0, 0],
						"1.7917": [0, 0, 0],
						"2.125": [0, 0, 0],
						"2.375": [0, 0, 0],
						"2.5417": [0, 0, 0],
						"2.5833": [0.75, 0, -0.5],
						"2.7083": [0, 2, 0],
						"2.7917": [0, 4, 0],
						"2.875": [0, 0, 0],
						"2.9167": [0, -0.5, 0],
						"2.9583": [0, 0, 0]
					}
				}
			}
		}
	}
}